/*SOZDANIE TABLIC*/
CREATE TABLE  people
(
  people_id BIGINT PRIMARY KEY,
  FIO Nvarchar(100) NOT NULL,
  city int not null,
  sex int not null,
  age int not null
);
insert into  people values(1,'MUSHKETEROV ILYA ILICH',23,1,27);
insert into  people values(2,'LYUDMILOVA NATALYA PAVLOVNA',2,0,35);
insert into  people values(3,'DOSHIRAKOV KONSTANTIN GRIGOREVICH',1,1,55);
insert into  people values(4,'MARVELOVA TAISIYA PETROVNA',1,0,69);
insert into  people values(5,'MARVELOVA MARINA PETROVNA',2,0,55);
insert into  people values(6,'CHUMAKOV MIHAIL LEONTEVICH',22,1,33);
insert into  people values(7,'KUZMINA VIKTORIYA YANOVNA',403,0,64);
insert into  people values(8,'KUDRYAVCEVA ALISA DANIILOVNA',871,0,25);
insert into  people values(9,'KONOVALOVA POLINA TIMUROVNA',1358,0,50);
insert into  people values(10,'NAUMOV MAKSIM GEORGIEVICH',920,1,37);
insert into  people values(11,'PANTELEEVA MARIYA TIMOFEEVNA',1158,0,20);
insert into  people values(12,'GORDEEVA SOFIYA ROMANOVNA',43,0,26);
insert into  people values(13,'SERGEEV MAKSIM DMITRIEVICH',722,1,24);
insert into  people values(14,'ORLOVA POLINA VIKTOROVNA',833,0,50);
insert into  people values(15,'YAKOVLEV ALEKSANDR DANIILOVICH',618,1,23);
insert into  people values(16,'VORONCOVA VERONIKA IVANOVNA',1075,0,30);
insert into  people values(17,'DEMINA ARINA GORDEEVNA',738,0,25);
insert into  people values(18,'IVANOVA VASILISA MATVEEVNA',1129,0,44);
insert into  people values(19,'MIHAILOV MAKSIM FёDOROVICH',621,1,57);
insert into  people values(20,'KOZLOVA SOFIYA GEORGIEVNA',1220,0,22);
insert into  people values(21,'KUZNECOV ALEKSANDR ILICH',1028,1,19);
insert into  people values(22,'MOROZOV ALEKSANDR GEORGIEVICH',712,1,26);
insert into  people values(23,'VINOGRADOV STEPAN ROBERTOVICH',1308,1,22);
insert into  people values(24,'LEONOVA ANNA MIHAILOVNA',1351,0,26);
insert into  people values(25,'CHERNYSHEV ALEKSANDR EGOROVICH',396,1,27);
insert into  people values(26,'PONOMAREVA SOFIYA DANIEALEVNA',1315,0,56);
insert into  people values(27,'KOLOSOV ALEKSANDR ILICH',1336,1,27);
insert into  people values(28,'VOROBEV FёDOR TIMOFEEVICH',1189,1,38);
insert into  people values(29,'GERASIMOVA YULIYA ANDREEVNA',256,0,61);
insert into  people values(30,'SEREBRYAKOV MIRON VADIMOVICH',1265,1,53);
insert into  people values(31,'SEMENOVA AMALIYA SERGEEVNA',799,0,44);
insert into  people values(32,'SEREBRYAKOVA ELIZAVETA SEMёNOVNA',1274,0,49);
insert into  people values(33,'RYABOV ELISEI ALEKSEEVICH',423,1,17);
insert into  people values(34,'DYAKONOV MIHAIL ANDREEVICH',532,1,15);
insert into  people values(35,'MARKOV IVAN DMITRIEVICH',406,1,61);
insert into  people values(36,'RODINA VASILISA MARKOVNA',16,0,35);
insert into  people values(37,'FILATOVA MILA ALEKSANDROVNA',304,0,14);
insert into  people values(38,'DEMYANOVA ALISA TIHONOVNA',444,0,35);
insert into  people values(39,'SOKOLOVA ULYANA MATVEEVNA',312,0,56);
insert into  people values(40,'KOMAROV ANDREI BOGDANOVICH',372,1,30);
insert into  people values(41,'PETUHOV GORDEI STEPANOVICH',226,1,55);
insert into  people values(42,'MAIOROV DANIIL VIKTOROVICH',198,1,47);
insert into  people values(43,'NAUMOVA ALISA IVANOVNA',8,0,45);
insert into  people values(44,'SYCHEVA ANASTASIYA MAKSIMOVNA',863,0,20);
insert into  people values(45,'PETROVA EAMILIYA ROMANOVNA',1333,0,53);
insert into  people values(46,'VYSOCKII PёTR GLEBOVICH',845,1,43);
insert into  people values(47,'ZAHAROV TIMOFEI ELISEEVICH',662,1,26);
insert into  people values(48,'IVANOVA ANNA IVANOVNA',973,0,27);
insert into  people values(49,'BELYAEVA MILANA ILINICHNA',1045,1,31);
insert into  people values(50,'DUBOV ANDREI MAKSIMOVICH',279,1,29);
insert into  people values(51,'GAVRILOVA EAVELINA DANILOVNA',1132,0,21);
insert into  people values(52,'SEVASTYANOV IVAN MARKOVICH',228,1,59);
insert into  people values(53,'KONDRATEVA MIROSLAVA ROMANOVNA',978,0,61);
insert into  people values(54,'KOZLOVA POLINA DMITRIEVNA',780,0,33);
insert into  people values(55,'MOROZOVA IRINA MAKSIMOVNA',916,0,19);
insert into  people values(56,'BULGAKOVA MAIYA EGOROVNA',1202,0,53);
insert into  people values(57,'VINOGRADOV DANIIL DANIILOVICH',701,1,29);
insert into  people values(58,'OZEROVA ZLATA DENISOVNA',878,0,51);
insert into  people values(59,'EREMIN IVAN ILICH',630,1,38);
insert into  people values(60,'CVETKOV MARK MAKSIMOVICH',565,1,28);
insert into  people values(61,'TROSHINA ELIZAVETA MATVEEVNA',458,0,42);
insert into  people values(62,'LOGINOV ROMAN DMITRIEVICH',813,1,32);
insert into  people values(63,'NAUMOVA EVA DANIILOVNA',961,0,38);
insert into  people values(64,'MOROZOV MARK KONSTANTINOVICH',355,1,61);
insert into  people values(65,'MEDVEDEV MAKAR TIMOFEEVICH',1358,1,49);
insert into  people values(66,'ZAVYALOV ARTёM VYACHESLAVOVICH',178,1,16);
insert into  people values(67,'KOZLOVA FATIMA SERGEEVNA',32,0,49);
insert into  people values(68,'BESPALOVA ARINA KIRILLOVNA',157,0,40);
insert into  people values(69,'SMIRNOVA DARYA MAKSIMOVNA',985,0,51);
insert into  people values(70,'LARINA ANNA ARSENTEVNA',51,0,28);
insert into  people values(71,'LEONTEV ROMAN KIRILLOVICH',1016,1,57);
insert into  people values(72,'VOLOSHINA ANNA EGOROVNA',263,0,17);
insert into  people values(73,'MIHAILOV GLEB MIHAILOVICH',1186,1,40);
insert into  people values(74,'JUKOV NIKOLAI ALEKSEEVICH',582,1,53);
insert into  people values(75,'PETROVA OLIVIYA ARSENTEVNA',13,0,61);
insert into  people values(76,'PANKOV VLADIMIR GRIGOREVICH',985,1,61);
insert into  people values(77,'KOLESNIKOV MAKSIM KIRILLOVICH',623,1,43);
insert into  people values(78,'MIHAILOV SERGEI ANDREEVICH',153,1,46);
insert into  people values(79,'NOVIKOV ZAHAR ARTёMOVICH',153,1,18);
insert into  people values(80,'VLASOVA EAMILIYA ILINICHNA',510,1,17);
insert into  people values(81,'MOROZOVA MILA ALEKSANDROVNA',1486,0,31);
insert into  people values(82,'KOMAROVA VASILISA YAROSLAVOVNA',590,0,59);
insert into  people values(83,'SHCHUKIN ARSENII IVANOVICH',710,1,37);
insert into  people values(84,'DEMIDOV GEORGII VALEREVICH',1370,1,20);
insert into  people values(85,'GOLOVANOV DMITRII ARTёMOVICH',57,1,27);
insert into  people values(86,'ERMILOVA YAROSLAVA MATVEEVNA',628,0,62);
insert into  people values(87,'KALININ MIRON MARKOVICH',1164,1,48);
insert into  people values(88,'TARASOVA ARINA ROBERTOVNA',131,0,25);
insert into  people values(89,'TOLKACHEV KONSTANTIN NIKOLAEVICH',1119,1,44);
insert into  people values(90,'KRASNOVA ANASTASIYA IVANOVNA',1441,0,19);
insert into  people values(91,'FILIPPOV VYACHESLAV MAKSIMOVICH',1109,1,39);
insert into  people values(92,'NIKOLAEV FёDOR ALEKSANDROVICH',78,1,38);
insert into  people values(93,'STAROSTIN RUSLAN ARTEMEVICH',211,1,43);
insert into  people values(94,'SOKOLOV EGOR KIRILLOVICH',572,1,33);
insert into  people values(95,'MAKEEV ILYA ROMANOVICH',151,1,24);
insert into  people values(96,'MAKSIMOV ROMAN EGOROVICH',1415,1,32);
insert into  people values(97,'KUZNECOV DAVID GRIGOREVICH',1027,1,29);
insert into  people values(98,'BELOUSOV DANIEAL ALEKSEEVICH',1080,1,55);
insert into  people values(99,'DOROHOV FёDOR FёDOROVICH',1460,1,29);
insert into  people values(100,'MALYSHEV MATVEI KONSTANTINOVICH',1156,1,39);
insert into  people values(101,'SEREBRYAKOVA MILANA ILINICHNA',638,1,24);
insert into  people values(102,'VOLKOV ARTёM MAKSIMOVICH',395,1,18);
insert into  people values(103,'CHIJOV PёTR DANIEALEVICH',603,1,50);
insert into  people values(104,'LAZAREV MIHAIL ALEKSANDROVICH',1109,1,26);
insert into  people values(105,'CVETKOVA DARYA ROMANOVNA',975,0,33);
insert into  people values(106,'KUZNECOVA MARIYA DENISOVNA',123,0,31);
insert into  people values(107,'CHIJOV KONSTANTIN FёDOROVICH',864,1,27);
insert into  people values(108,'KUZNECOV SERGEI MIHAILOVICH',873,1,56);
insert into  people values(109,'MASLOV ARTUR STANISLAVOVICH',55,1,63);
insert into  people values(110,'MAKAROV EVGENII DENISOVICH',988,1,37);
insert into  people values(111,'MIHAILOVA EVGENIYA GLEBOVNA',445,0,27);
insert into  people values(112,'LAVROVA DARYA LEONIDOVNA',179,0,48);
insert into  people values(113,'ALEKSEEV VLADIMIR EAMILEVICH',82,1,15);
insert into  people values(114,'DENISOVA MARIYA SERGEEVNA',1013,0,43);
insert into  people values(115,'DEGTYAREV MATVEI ADAMOVICH',558,1,64);
insert into  people values(116,'IVANOVA ALINA DMITRIEVNA',234,0,34);
insert into  people values(117,'LEONOVA YANA BORISOVNA',1452,0,27);
insert into  people values(118,'MIHAILOVA ALISA ALEKSANDROVNA',1209,0,34);
insert into  people values(119,'DUBOVA YAROSLAVA PETROVNA',799,0,35);
insert into  people values(120,'SOTNIKOVA ALEKSANDRA ALEKSEEVNA',970,0,53);
insert into  people values(121,'NAUMOV MARK MIRONOVICH',273,1,51);
insert into  people values(122,'SHCHUKIN VLADISLAV MAKAROVICH',1179,1,35);
insert into  people values(123,'TITOVA SOFIYA SEMёNOVNA',1249,0,22);
insert into  people values(124,'VORONOVA ANASTASIYA DMITRIEVNA',1024,0,63);
insert into  people values(125,'KOROLEVA SOFIYA PETROVNA',252,0,22);
insert into  people values(126,'BELIKOV TIMOFEI ROMANOVICH',496,1,33);
insert into  people values(127,'BYKOV IVAN ROMANOVICH',121,1,14);
insert into  people values(128,'KUZNECOV MATVEI EGOROVICH',1261,1,59);
insert into  people values(129,'ISAEV DANIIL EGOROVICH',835,1,37);
insert into  people values(130,'ORLOV VASILII ALEKSANDROVICH',116,1,39);
insert into  people values(131,'ZORIN IVAN YAKOVLEVICH',1427,1,59);
insert into  people values(132,'HARITONOVA EKATERINA PAVLOVNA',1084,0,43);
insert into  people values(133,'BORODINA ALEKSANDRA ANTONOVNA',794,0,58);
insert into  people values(134,'BELOV DANIIL PAVLOVICH',612,1,47);
insert into  people values(135,'STEPANOVA ALINA ILINICHNA',401,1,36);
insert into  people values(136,'KULAGINA YULIYA DANIILOVNA',716,0,33);
insert into  people values(137,'NAUMOVA POLINA MIHAILOVNA',1360,0,50);
insert into  people values(138,'ROZANOVA DARYA LVOVNA',264,0,24);
insert into  people values(139,'NEFEDOV VASILII DANIILOVICH',66,1,19);
insert into  people values(140,'PETUHOV LEV DANIILOVICH',1242,1,20);
insert into  people values(141,'AFANASEVA YANA EVGENEVNA',1018,0,62);
insert into  people values(142,'ALEKSANDROV MAKSIM ANDREEVICH',1366,1,26);
insert into  people values(143,'KALININA KSENIYA ARTёMOVNA',546,0,39);
insert into  people values(144,'SIDOROV ALEKSEI KIRILLOVICH',1005,1,22);
insert into  people values(145,'LEBEDEV EAMIL ANDREEVICH',1417,1,54);
insert into  people values(146,'NIKIFOROVA VASILISA MATVEEVNA',1169,0,50);




--GEO REGIONY
CREATE TABLE geo_regions (
  id integer PRIMARY KEY,
  district_id integer,
  name Nvarchar(255) NOT NULL
) ;

INSERT INTO  geo_regions  (id, district_id, name) VALUES
(2, 3, 'ADYGEYA'),
(3, 6, 'ALTAI'),
(4, 6, 'ALTAISKII KRAI'),
(5, 5, 'AMURSKAYA OBLAST'),
(6, 4, 'ARHANGELSKAYA OBLAST'),
(7, 3, 'ASTRAHANSKAYA OBLAST'),
(8, 8, 'BASHKORTOSTAN'),
(9, 2, 'BELGORODSKAYA OBLAST'),
(10, 2, 'BRYANSKAYA OBLAST'),
(11, 6, 'BURYATIYA'),
(12, 2, 'VLADIMIRSKAYA OBLAST'),
(13, 3, 'VOLGOGRADSKAYA OBLAST'),
(14, 4, 'VOLOGODSKAYA OBLAST'),
(15, 2, 'VORONEJSKAYA OBLAST'),
(16, 9, 'DAGESTAN'),
(17, 5, 'EVREISKAYA AO'),
(18, 6, 'ZABAIKALSKII KRAI'),
(19, 2, 'IVANOVSKAYA OBLAST'),
(20, 9, 'INGUSHETIYA'),
(21, 6, 'IRKUTSKAYA OBLAST'),
(22, 9, 'KABARDINO-BALKARIYA'),
(23, 4, 'KALININGRADSKAYA OBLAST'),
(24, 3, 'KALMYKIYA'),
(25, 2, 'KALUJSKAYA OBLAST'),
(26, 5, 'KAMCHATSKII KRAI'),
(27, 9, 'KARACHAEVO-CHERKESSIYA'),
(28, 4, 'KARELIYA'),
(29, 6, 'KEMEROVSKAYA OBLAST'),
(30, 8, 'KIROVSKAYA OBLAST'),
(31, 4, 'KOMI'),
(32, 2, 'KOSTROMSKAYA OBLAST'),
(33, 3, 'KRASNODARSKII KRAI'),
(34, 6, 'KRASNOYARSKII KRAI'),
(35, 7, 'KURGANSKAYA OBLAST'),
(36, 2, 'KURSKAYA OBLAST'),
(37, 4, 'LENINGRADSKAYA OBLAST'),
(38, 2, 'LIPECKAYA OBLAST'),
(39, 5, 'MAGADANSKAYA OBLAST'),
(40, 8, 'MARII EAL'),
(41, 8, 'MORDOVIYA'),
(42, 2, 'MOSKVA'),
(43, 2, 'MOSKOVSKAYA OBLAST'),
(44, 4, 'MURMANSKAYA OBLAST'),
(45, 4, 'NENECKII AO'),
(46, 8, 'NIJEGORODSKAYA OBLAST'),
(47, 4, 'NOVGORODSKAYA OBLAST'),
(48, 6, 'NOVOSIBIRSKAYA OBLAST'),
(49, 6, 'OMSKAYA OBLAST'),
(50, 8, 'ORENBURGSKAYA OBLAST'),
(51, 2, 'ORLOVSKAYA OBLAST'),
(52, 8, 'PENZENSKAYA OBLAST'),
(53, 8, 'PERMSKII KRAI'),
(54, 5, 'PRIMORSKII KRAI'),
(55, 4, 'PSKOVSKAYA OBLAST'),
(56, 3, 'ROSTOVSKAYA OBLAST'),
(57, 2, 'RYAZANSKAYA OBLAST'),
(58, 8, 'SAMARSKAYA OBLAST'),
(59, 4, 'SANKT-PETERBURG'),
(60, 8, 'SARATOVSKAYA OBLAST'),
(61, 5, 'SAHA (YAKUTIYA)'),
(62, 5, 'SAHALINSKAYA OBLAST'),
(63, 7, 'SVERDLOVSKAYA OBLAST'),
(64, 9, 'SEVERNAYA OSETIYA - ALANIYA'),
(65, 2, 'SMOLENSKAYA OBLAST'),
(66, 9, 'STAVROPOLSKII KRAI'),
(67, 2, 'TAMBOVSKAYA OBLAST'),
(68, 8, 'TATARSTAN'),
(69, 2, 'TVERSKAYA OBLAST'),
(70, 6, 'TOMSKAYA OBLAST'),
(71, 2, 'TULSKAYA OBLAST'),
(72, 6, 'TYVA'),
(73, 7, 'TYUMENSKAYA OBLAST'),
(74, 8, 'UDMURTIYA'),
(75, 8, 'ULYANOVSKAYA OBLAST'),
(76, 5, 'HABAROVSKII KRAI'),
(77, 6, 'HAKASIYA'),
(78, 7, 'HANTY-MANSIISKII AO - YUGRA'),
(79, 7, 'CHELYABINSKAYA OBLAST'),
(80, 9, 'CHECHENSKAYA RESPUBLIKA'),
(81, 8, 'CHUVASHSKAYA RESPUBLIKA'),
(82, 5, 'CHUKOTSKII AO'),
(83, 7, 'YAMALO-NENECKII AO'),
(84, 2, 'YAROSLAVSKAYA OBLAST'),
(86, 3, 'KRYM'),
(87, 3, 'SEVASTOPOL');


--GORODA
CREATE TABLE  geo_city (
  id integer PRIMARY KEY,
  region_id integer,
  name Nvarchar(255) NOT NULL 
  
) ;
 
INSERT INTO  geo_city (id, region_id, name) VALUES
(1, 2, 'MAIKOP'),
(2, 3, 'GORNO-ALTAISK'),
(3, 4, 'BARNAUL'),
(4, 4, 'BIISK'),
(5, 4, 'RUBCOVSK'),
(6, 4, 'NOVOALTAISK'),
(7, 4, 'ZARINSK'),
(8, 5, 'BLAGOVESHCHENSK (AMURSKAYA OBLAST)'),
(9, 5, 'BELOGORSK (AMURSKAYA OBLAST)'),
(10, 5, 'SVOBODNYI'),
(11, 6, 'ARHANGELSK'),
(12, 6, 'SEVERODVINSK'),
(13, 6, 'KOTLAS'),
(14, 7, 'ASTRAHAN'),
(15, 7, 'AHTUBINSK'),
(16, 7, 'ZNAMENSK'),
(17, 8, 'UFA'),
(18, 8, 'STERLITAMAK'),
(19, 8, 'SALAVAT'),
(20, 8, 'NEFTEKAMSK'),
(21, 8, 'OKTYABRSKII'),
(22, 8, 'BELORECK'),
(23, 8, 'BLAGOVESHCHENSK (BASHKORTOSTAN)'),
(24, 9, 'BELGOROD'),
(25, 9, 'STARYI OSKOL'),
(26, 9, 'GUBKIN'),
(27, 9, 'SHEBEKINO'),
(28, 9, 'NOVYI OSKOL'),
(29, 10, 'BRYANSK'),
(30, 10, 'KLINCY'),
(31, 11, 'ULAN-UDEA'),
(32, 11, 'SEVEROBAIKALSK'),
(33, 12, 'VLADIMIR'),
(34, 12, 'KOVROV'),
(35, 12, 'MUROM'),
(36, 12, 'ALEKSANDROV'),
(37, 12, 'GUS-HRUSTALNYI'),
(38, 12, 'KIRJACH'),
(39, 13, 'VOLGOGRAD'),
(40, 13, 'VOLJSKII'),
(41, 13, 'KAMYSHIN'),
(42, 13, 'KALACH-NA-DONU'),
(43, 14, 'CHEREPOVEC'),
(44, 14, 'VOLOGDA'),
(45, 14, 'SOKOL'),
(46, 15, 'VORONEJ'),
(47, 15, 'BORISOGLEBSK'),
(48, 15, 'ROSSOSH'),
(49, 15, 'LISKI'),
(50, 15, 'PAVLOVSK'),
(51, 16, 'MAHACHKALA'),
(52, 16, 'HASAVYURT'),
(53, 16, 'DERBENT'),
(54, 17, 'BIROBIDJAN'),
(55, 18, 'CHITA'),
(56, 18, 'KRASNOKAMENSK'),
(57, 19, 'IVANOVO'),
(58, 19, 'KINESHMA'),
(59, 19, 'SHUYA'),
(60, 20, 'NAZRAN'),
(61, 21, 'IRKUTSK'),
(62, 21, 'BRATSK'),
(63, 21, 'ANGARSK'),
(64, 21, 'UST-ILIMSK'),
(65, 22, 'NALCHIK'),
(66, 22, 'PROHLADNYI'),
(67, 23, 'KALININGRAD'),
(68, 23, 'SOVETSK (KALININGRADSKAYA OBLAST)'),
(69, 24, 'EALISTA'),
(70, 25, 'KALUGA'),
(71, 25, 'OBNINSK'),
(72, 26, 'PETROPAVLOVSK-KAMCHATSKII'),
(73, 26, 'ELIZOVO'),
(74, 26, 'VILYUCHINSK'),
(75, 27, 'CHERKESSK'),
(76, 28, 'PETROZAVODSK'),
(77, 28, 'KONDOPOGA'),
(78, 29, 'NOVOKUZNECK'),
(79, 29, 'KEMEROVO'),
(80, 29, 'PROKOPEVSK'),
(81, 29, 'LENINSK-KUZNECKII'),
(82, 29, 'MEJDURECHENSK'),
(83, 29, 'KISELёVSK'),
(84, 29, 'YURGA'),
(85, 30, 'KIROV (KIROVSKAYA OBLAST)'),
(86, 30, 'KIROVO-CHEPECK'),
(87, 31, 'SYKTYVKAR'),
(88, 31, 'UHTA'),
(89, 31, 'VORKUTA'),
(90, 31, 'PECHORA'),
(91, 32, 'KOSTROMA'),
(92, 33, 'KRASNODAR'),
(93, 33, 'SOCHI'),
(94, 33, 'NOVOROSSIISK'),
(95, 33, 'ARMAVIR'),
(96, 33, 'EISK');
INSERT INTO  geo_regions  (id, district_id, name) VALUES
(97, 33, 'KROPOTKIN'),
(98, 33, 'TUAPSE'),
(99, 33, 'TIHORECK'),
(100, 33, 'ANAPA'),
(101, 33, 'BELORECHENSK'),
(102, 33, 'GELENDJIK'),
(103, 34, 'KRASNOYARSK'),
(104, 34, 'NORILSK'),
(105, 34, 'ACHINSK'),
(106, 34, 'KANSK'),
(107, 34, 'JELEZNOGORSK (KRASNOYARSKII KRAI)'),
(108, 34, 'ZELENOGORSK'),
(109, 35, 'KURGAN'),
(110, 35, 'SHADRINSK'),
(111, 36, 'KURSK'),
(112, 36, 'JELEZNOGORSK (KURSKAYA OBLAST)'),
(113, 36, 'KURCHATOV'),
(114, 37, 'GATCHINA'),
(115, 37, 'VYBORG'),
(116, 37, 'SOSNOVYI BOR'),
(117, 37, 'TIHVIN'),
(118, 37, 'KIRISHI'),
(119, 37, 'KINGISEPP'),
(120, 37, 'VSEVOLOJSK'),
(121, 37, 'VOLHOV'),
(122, 37, 'SERTOLOVO'),
(123, 37, 'LUGA'),
(124, 37, 'TOSNO'),
(125, 37, 'SLANCY'),
(126, 37, 'KIROVSK (LENINGRADSKAYA OBLAST)'),
(127, 37, 'LODEINOE POLE'),
(128, 37, 'PIKALёVO'),
(129, 37, 'OTRADNOE'),
(130, 37, 'PODPOROJE'),
(131, 37, 'KOMMUNAR'),
(132, 37, 'PRIOZERSK'),
(133, 37, 'NIKOLSKOE'),
(134, 37, 'BOKSITOGORSK'),
(135, 37, 'SVETOGORSK'),
(136, 37, 'SYASSTROI'),
(137, 37, 'SHLISSELBURG'),
(138, 37, 'SIVERSKII'),
(139, 37, 'VOLOSOVO'),
(140, 37, 'IVANGOROD'),
(141, 37, 'VYRICA'),
(142, 37, 'POSELOK IM. MOROZOVA'),
(143, 38, 'LIPECK'),
(144, 38, 'ELEC'),
(145, 39, 'MAGADAN'),
(146, 40, 'IOSHKAR-OLA'),
(147, 40, 'VOLJSK'),
(148, 41, 'SARANSK'),
(149, 41, 'RUZAEVKA'),
(150, 43, 'BALASHIHA'),
(151, 43, 'HIMKI'),
(152, 43, 'PODOLSK'),
(153, 43, 'KOROLёV'),
(154, 43, 'MYTISHCHI'),
(155, 43, 'LYUBERCY'),
(156, 43, 'KOLOMNA'),
(157, 43, 'EALEKTROSTAL'),
(158, 43, 'ODINCOVO'),
(159, 43, 'JELEZNODOROJNYI (BALASHIHA)'),
(160, 43, 'SERPUHOV'),
(161, 43, 'OREHOVO-ZUEVO'),
(162, 43, 'NOGINSK'),
(163, 43, 'SHCHёLKOVO'),
(164, 43, 'SERGIEV POSAD'),
(165, 43, 'JUKOVSKII'),
(166, 43, 'KRASNOGORSK'),
(167, 43, 'PUSHKINO'),
(168, 43, 'VOSKRESENSK'),
(169, 43, 'DOMODEDOVO'),
(170, 43, 'RAMENSKOE'),
(171, 43, 'REUTOV'),
(172, 43, 'DOLGOPRUDNYI'),
(173, 43, 'KLIN'),
(174, 43, 'CHEHOV'),
(175, 43, 'NARO-FOMINSK'),
(176, 43, 'LOBNYA'),
(177, 43, 'EGOREVSK'),
(178, 43, 'STUPINO'),
(179, 43, 'DMITROV'),
(180, 43, 'DUBNA'),
(181, 43, 'PAVLOVSKII POSAD'),
(182, 43, 'SOLNECHNOGORSK'),
(183, 43, 'IVANTEEVKA'),
(184, 42, 'KLIMOVSK (MOSKVA)'),
(185, 43, 'VIDNOE'),
(186, 43, 'FRYAZINO'),
(187, 43, 'LYTKARINO'),
(188, 43, 'DZERJINSKII'),
(189, 43, 'KASHIRA'),
(190, 43, 'PROTVINO'),
(191, 42, 'TROICK (MOSKVA)'),
(192, 42, 'YUBILEINYI (MOSKVA)'),
(193, 43, 'ISTRA'),
(194, 43, 'NAHABINO'),
(195, 43, 'KRASNOZNAMENSK (MOSKOVSKAYA OBLAST)'),
(196, 43, 'LUHOVICY');
INSERT INTO  geo_regions  (id, district_id, name) VALUES
(197, 42, 'SHCHERBINKA (MOSKVA)'),
(198, 43, 'SHATURA'),
(199, 43, 'LIKINO-DULёVO'),
(200, 43, 'MOJAISK'),
(201, 43, 'TOMILINO'),
(202, 43, 'DEDOVSK'),
(203, 43, 'KRASNOARMEISK (MOSKOVSKAYA OBLAST)'),
(204, 43, 'KUBINKA'),
(205, 43, 'OZёRY'),
(206, 43, 'ZARAISK'),
(207, 43, 'KALININEC'),
(208, 43, 'VOLOKOLAMSK'),
(209, 43, 'LOSINO-PETROVSKII'),
(210, 43, 'STARAYA KUPAVNA'),
(211, 43, 'ROSHAL'),
(212, 43, 'EALEKTROGORSK'),
(213, 43, 'EALEKTROUGLI'),
(214, 43, 'CHERNOGOLOVKA'),
(215, 43, 'KOTELNIKI'),
(216, 43, 'PUSHCHINO'),
(217, 43, 'KRASKOVO'),
(218, 44, 'MURMANSK'),
(219, 44, 'APATITY'),
(220, 44, 'SEVEROMORSK'),
(221, 45, 'NARYAN-MAR'),
(222, 46, 'NIJNII NOVGOROD'),
(223, 46, 'DZERJINSK'),
(224, 46, 'ARZAMAS'),
(225, 46, 'SAROV'),
(226, 46, 'BOR'),
(227, 46, 'KSTOVO'),
(228, 46, 'PAVLOVO'),
(229, 46, 'VYKSA'),
(230, 46, 'BALAHNA'),
(231, 47, 'VELIKII NOVGOROD'),
(232, 47, 'BOROVICHI'),
(233, 47, 'STARAYA RUSSA'),
(234, 48, 'NOVOSIBIRSK'),
(235, 48, 'BERDSK'),
(236, 48, 'KUIBYSHEV'),
(237, 49, 'OMSK'),
(238, 50, 'ORENBURG'),
(239, 50, 'ORSK'),
(240, 50, 'NOVOTROICK'),
(241, 50, 'BUZULUK'),
(242, 51, 'ORёL'),
(243, 51, 'LIVNY'),
(244, 51, 'MCENSK'),
(245, 52, 'PENZA'),
(246, 52, 'KUZNECK'),
(247, 52, 'ZARECHNYI (PENZENSKAYA OBLAST)'),
(248, 52, 'KAMENKA'),
(249, 53, 'PERM'),
(250, 53, 'BEREZNIKI'),
(251, 53, 'SOLIKAMSK'),
(252, 53, 'CHAIKOVSKII'),
(253, 53, 'LYSVA'),
(254, 53, 'KUNGUR'),
(255, 53, 'KRASNOKAMSK'),
(256, 54, 'VLADIVOSTOK'),
(257, 54, 'NAHODKA'),
(258, 54, 'USSURIISK'),
(259, 54, 'ARTёM'),
(260, 55, 'PSKOV'),
(261, 55, 'VELIKIE LUKI'),
(262, 56, 'ROSTOV-NA-DONU'),
(263, 56, 'TAGANROG'),
(264, 56, 'SHAHTY'),
(265, 56, 'NOVOCHERKASSK'),
(266, 56, 'VOLGODONSK'),
(267, 56, 'NOVOSHAHTINSK'),
(268, 56, 'BATAISK'),
(269, 56, 'KAMENSK-SHAHTINSKII'),
(270, 56, 'AZOV'),
(271, 56, 'GUKOVO'),
(272, 56, 'SALSK'),
(273, 56, 'DONECK'),
(274, 56, 'BELAYA KALITVA'),
(275, 57, 'RYAZAN'),
(276, 57, 'KASIMOV'),
(277, 58, 'SAMARA'),
(278, 58, 'TOLYATTI'),
(279, 58, 'SYZRAN'),
(280, 58, 'NOVOKUIBYSHEVSK'),
(281, 58, 'CHAPAEVSK'),
(282, 58, 'JIGULёVSK'),
(283, 60, 'SARATOV'),
(284, 60, 'EANGELS'),
(285, 60, 'BALAKOVO'),
(286, 60, 'BALASHOV'),
(287, 60, 'VOLSK'),
(288, 61, 'YAKUTSK'),
(289, 61, 'NERYUNGRI'),
(290, 61, 'MIRNYI'),
(291, 62, 'YUJNO-SAHALINSK'),
(292, 63, 'EKATERINBURG'),
(293, 63, 'NIJNII TAGIL'),
(294, 63, 'KAMENSK-URALSKII'),
(295, 63, 'PERVOURALSK'),
(296, 63, 'SEROV');
INSERT INTO  geo_regions  (id, district_id, name) VALUES
(297, 63, 'NOVOURALSK'),
(298, 63, 'ASBEST'),
(299, 63, 'POLEVSKOI'),
(300, 63, 'REVDA'),
(301, 63, 'KRASNOTURINSK'),
(302, 64, 'VLADIKAVKAZ'),
(303, 64, 'MOZDOK'),
(304, 65, 'SMOLENSK'),
(305, 65, 'VYAZMA'),
(306, 66, 'STAVROPOL'),
(307, 66, 'PYATIGORSK'),
(308, 66, 'KISLOVODSK'),
(309, 66, 'ESSENTUKI'),
(310, 66, 'MINERALNYE VODY'),
(311, 66, 'BUDёNNOVSK'),
(312, 67, 'TAMBOV'),
(313, 67, 'MICHURINSK'),
(314, 68, 'KAZAN'),
(315, 68, 'NABEREJNYE CHELNY'),
(316, 68, 'NIJNEKAMSK'),
(317, 68, 'ALMETEVSK'),
(318, 68, 'ZELENODOLSK'),
(319, 68, 'BUGULMA'),
(320, 69, 'TVER'),
(321, 69, 'RJEV'),
(322, 70, 'TOMSK'),
(323, 70, 'SEVERSK'),
(324, 71, 'TULA'),
(325, 71, 'NOVOMOSKOVSK'),
(327, 71, 'UZLOVAYA'),
(328, 72, 'KYZYL'),
(329, 73, 'TYUMEN'),
(330, 73, 'TOBOLSK'),
(331, 74, 'IJEVSK'),
(332, 74, 'SARAPUL'),
(333, 74, 'GLAZOV'),
(334, 74, 'VOTKINSK'),
(335, 75, 'ULYANOVSK'),
(336, 75, 'DIMITROVGRAD'),
(337, 76, 'HABAROVSK'),
(338, 76, 'KOMSOMOLSK-NA-AMURE'),
(339, 76, 'AMURSK'),
(340, 77, 'ABAKAN'),
(341, 77, 'CHERNOGORSK'),
(342, 78, 'SURGUT'),
(343, 78, 'NIJNEVARTOVSK'),
(344, 78, 'NEFTEYUGANSK'),
(345, 78, 'HANTY-MANSIISK'),
(346, 79, 'CHELYABINSK'),
(347, 79, 'MAGNITOGORSK'),
(348, 79, 'ZLATOUST'),
(349, 79, 'MIASS'),
(350, 79, 'KOPEISK'),
(351, 79, 'OZёRSK'),
(352, 79, 'TROICK'),
(353, 79, 'SNEJINSK'),
(354, 79, 'SATKA'),
(355, 80, 'GROZNYI'),
(356, 80, 'URUS-MARTAN'),
(357, 81, 'CHEBOKSARY'),
(358, 81, 'NOVOCHEBOKSARSK'),
(360, 83, 'NOVYI URENGOI'),
(361, 83, 'NOYABRSK'),
(362, 84, 'YAROSLAVL'),
(363, 84, 'RYBINSK'),
(364, 84, 'PERESLAVL-ZALESSKII'),
(365, 42, 'MOSKVA'),
(366, 59, 'SANKT-PETERBURG'),
(367, 77, 'ABAZA'),
(369, 50, 'ABDULINO'),
(370, 33, 'ABINSK'),
(371, 8, 'AGIDEL'),
(372, 68, 'AGRYZ'),
(373, 2, 'ADYGEISK'),
(374, 68, 'AZNAKAEVO'),
(376, 72, 'AK-DOVURAK'),
(377, 56, 'AKSAI'),
(378, 64, 'ALAGIR'),
(379, 63, 'ALAPAEVSK'),
(380, 81, 'ALATYR'),
(381, 61, 'ALDAN'),
(382, 4, 'ALEISK'),
(384, 53, 'ALEKSANDROVSK'),
(385, 62, 'ALEKSANDROVSK-SAHALINSKII'),
(386, 9, 'ALEKSEEVKA'),
(387, 71, 'ALEKSIN'),
(388, 21, 'ALZAMAI'),
(391, 82, 'ANADYR'),
(394, 69, 'ANDREAPOL'),
(395, 29, 'ANJERO-SUDJENSK'),
(396, 62, 'ANIVA');
INSERT INTO  geo_regions  (id, district_id, name) VALUES
(398, 43, 'APRELEVKA'),
(399, 33, 'APSHERONSK'),
(400, 63, 'ARAMIL'),
(401, 80, 'ARGUN'),
(402, 41, 'ARDATOV'),
(403, 64, 'ARDON'),
(405, 60, 'ARKADAK'),
(407, 54, 'ARSENEV'),
(408, 68, 'ARSK'),
(410, 34, 'ARTёMOVSK'),
(411, 63, 'ARTёMOVSKII'),
(414, 70, 'ASINO'),
(416, 60, 'ATKARSK'),
(419, 79, 'ASHA'),
(420, 14, 'BABAEVO'),
(421, 11, 'BABUSHKIN'),
(422, 68, 'BAVLY'),
(423, 23, 'BAGRATIONOVSK'),
(424, 21, 'BAIKALSK'),
(425, 8, 'BAIMAK'),
(426, 79, 'BAKAL'),
(427, 22, 'BAKSAN'),
(428, 25, 'BALABANOVO'),
(433, 18, 'BALEI'),
(434, 23, 'BALTIISK'),
(435, 48, 'BARABINSK'),
(437, 75, 'BARYSH'),
(439, 69, 'BEJECK'),
(440, 71, 'BELёV'),
(442, 30, 'BELAYA HOLUNICA'),
(444, 8, 'BELEBEI'),
(445, 52, 'BELINSKII'),
(446, 29, 'BELOVO'),
(448, 14, 'BELOZERSK'),
(449, 4, 'BELOKURIHA'),
(450, 28, 'BELOMORSK'),
(453, 25, 'BELOUSOVO'),
(454, 78, 'BELOYARSKII'),
(455, 69, 'BELYI'),
(456, 29, 'BEREZOVSKII (KEMEROVSKAYA OBLAST)'),
(457, 63, 'BEREZOVSKII (SVERDLOVSKAYA OBLAST)'),
(460, 64, 'BESLAN'),
(462, 76, 'BIKIN'),
(463, 82, 'BILIBINO'),
(465, 8, 'BIRSK'),
(466, 21, 'BIRYUSINSK'),
(467, 9, 'BIRYUCH'),
(470, 66, 'BLAGODARNYI'),
(471, 15, 'BOBROV'),
(472, 63, 'BOGDANOVICH'),
(473, 71, 'BOGORODICK'),
(474, 46, 'BOGORODSK'),
(475, 34, 'BOGOTOL'),
(476, 15, 'BOGUCHAR'),
(477, 21, 'BODAIBO'),
(479, 68, 'BOLGAR'),
(480, 69, 'BOLOGOE'),
(481, 48, 'BOLOTNOE'),
(482, 71, 'BOLOHOVO'),
(483, 51, 'BOLHOV'),
(484, 54, 'BOLSHOI KAMEN'),
(486, 18, 'BORZYA'),
(489, 25, 'BOROVSK'),
(490, 34, 'BORODINO'),
(492, 43, 'BRONNICY'),
(495, 50, 'BUGURUSLAN');
INSERT INTO  geo_regions  (id, district_id, name) VALUES
(498, 68, 'BUINSK'),
(499, 32, 'BUI'),
(500, 16, 'BUINAKSK'),
(501, 15, 'BUTURLINOVKA'),
(502, 47, 'VALDAI'),
(503, 9, 'VALUIKI'),
(504, 65, 'VELIJ'),
(507, 14, 'VELIKII USTYUG'),
(508, 6, 'VELSK'),
(509, 71, 'VENёV'),
(510, 53, 'VERESHCHAGINO'),
(511, 43, 'VEREYA'),
(512, 79, 'VERHNEURALSK'),
(513, 63, 'VERHNII TAGIL'),
(514, 79, 'VERHNII UFALEI'),
(515, 63, 'VERHNYAYA PYSHMA'),
(516, 63, 'VERHNYAYA SALDA'),
(517, 63, 'VERHNYAYA TURA'),
(518, 63, 'VERHOTURE'),
(519, 61, 'VERHOYANSK'),
(520, 69, 'VESEGONSK'),
(521, 46, 'VETLUGA'),
(523, 61, 'VILYUISK'),
(525, 21, 'VIHOREVKA'),
(526, 19, 'VICHUGA'),
(532, 32, 'VOLGORECHENSK'),
(536, 46, 'VOLODARSK'),
(540, 63, 'VOLCHANSK'),
(544, 46, 'VORSMA'),
(548, 31, 'VUKTYL'),
(551, 43, 'VYSOKOVSK'),
(552, 37, 'VYSOCK'),
(553, 14, 'VYTEGRA'),
(554, 69, 'VYSHNII VOLOCHёK'),
(555, 76, 'VYAZEMSKII'),
(556, 12, 'VYAZNIKI'),
(558, 30, 'VYATSKIE POLYANY'),
(559, 19, 'GAVRILOV POSAD'),
(560, 84, 'GAVRILOV-YAM'),
(561, 65, 'GAGARIN'),
(562, 44, 'GADJIEVO'),
(563, 50, 'GAI'),
(564, 32, 'GALICH'),
(566, 23, 'GVARDEISK'),
(567, 55, 'GDOV'),
(569, 66, 'GEORGIEVSK'),
(571, 43, 'GOLICYNO'),
(572, 46, 'GORBATOV'),
(574, 53, 'GORNOZAVODSK'),
(575, 4, 'GORNYAK'),
(576, 46, 'GORODEC'),
(577, 52, 'GORODISHCHE'),
(578, 24, 'GORODOVIKOVSK'),
(579, 12, 'GOROHOVEC'),
(580, 33, 'GORYACHII KLYUCH'),
(581, 9, 'GRAIVORON'),
(582, 53, 'GREMYACHINSK'),
(584, 38, 'GRYAZI'),
(585, 14, 'GRYAZOVEC'),
(586, 53, 'GUBAHA'),
(588, 83, 'GUBKINSKII'),
(589, 80, 'GUDERMES'),
(591, 33, 'GULKEVICHI');
INSERT INTO  geo_regions  (id, district_id, name) VALUES
(592, 23, 'GUREVSK (KALININGRADSKAYA OBLAST)'),
(593, 29, 'GUREVSK (KEMEROVSKAYA OBLAST)'),
(594, 23, 'GUSEV'),
(595, 11, 'GUSINOOZёRSK'),
(597, 8, 'DAVLEKANOVO'),
(598, 16, 'DAGESTANSKIE OGNI'),
(599, 35, 'DALMATOVO'),
(600, 54, 'DALNEGORSK'),
(601, 54, 'DALNERECHENSK'),
(602, 84, 'DANILOV'),
(603, 38, 'DANKOV'),
(604, 63, 'DEGTYARSK'),
(606, 65, 'DEMIDOV'),
(608, 65, 'DESNOGORSK'),
(611, 34, 'DIVNOGORSK'),
(612, 64, 'DIGORA'),
(614, 36, 'DMITRIEV'),
(616, 51, 'DMITROVSK'),
(617, 55, 'DNO'),
(618, 53, 'DOBRYANKA'),
(620, 62, 'DOLINSK'),
(623, 71, 'DONSKOI'),
(624, 65, 'DOROGOBUJ'),
(625, 43, 'DREZNA'),
(627, 13, 'DUBOVKA'),
(628, 34, 'DUDINKA'),
(629, 65, 'DUHOVSHCHINA'),
(630, 8, 'DYURTYULI'),
(631, 10, 'DYATKOVO'),
(635, 68, 'ELABUGA'),
(638, 65, 'ELNYA'),
(639, 79, 'EMANJELINSK'),
(640, 31, 'EMVA'),
(641, 34, 'ENISEISK'),
(642, 25, 'ERMOLINO'),
(643, 60, 'ERSHOV'),
(645, 71, 'EFREMOV'),
(646, 66, 'JELEZNOVODSK'),
(649, 21, 'JELEZNOGORSK-ILIMSKII'),
(651, 67, 'JERDEVKA'),
(653, 25, 'JIZDRA'),
(654, 13, 'JIRNOVSK'),
(655, 25, 'JUKOV'),
(656, 10, 'JUKOVKA'),
(658, 5, 'ZAVITINSK'),
(659, 73, 'ZAVODOUKOVSK'),
(660, 19, 'ZAVOLJSK'),
(661, 46, 'ZAVOLJE'),
(662, 38, 'ZADONSK'),
(663, 68, 'ZAINSK'),
(664, 11, 'ZAKAMENSK'),
(665, 34, 'ZAOZёRNYI'),
(666, 44, 'ZAOZёRSK'),
(667, 69, 'ZAPADNAYA DVINA'),
(668, 44, 'ZAPOLYARNYI'),
(671, 63, 'ZARECHNYI (SVERDLOVSKAYA OBLAST)'),
(673, 40, 'ZVENIGOVO'),
(674, 43, 'ZVENIGOROD'),
(675, 56, 'ZVEREVO'),
(677, 23, 'ZELENOGRADSK'),
(679, 66, 'ZELENOKUMSK'),
(680, 56, 'ZERNOGRAD'),
(681, 5, 'ZEYA'),
(682, 21, 'ZIMA'),
(684, 10, 'ZLYNKA'),
(685, 4, 'ZMEINOGORSK'),
(687, 69, 'ZUBCOV'),
(688, 30, 'ZUEVKA'),
(692, 63, 'IVDEL');
INSERT INTO  geo_regions  (id, district_id, name) VALUES
(693, 34, 'IGARKA'),
(695, 16, 'IZBERBASH'),
(696, 66, 'IZOBILNYI'),
(697, 34, 'ILANSKII'),
(698, 75, 'INZA'),
(699, 41, 'INSAR'),
(700, 31, 'INTA'),
(701, 66, 'IPATOVO'),
(702, 63, 'IRBIT'),
(704, 49, 'ISILKUL'),
(705, 48, 'ISKITIM'),
(707, 73, 'ISHIM'),
(708, 8, 'ISHIMBAI'),
(710, 14, 'KADNIKOV'),
(712, 15, 'KALACH'),
(714, 49, 'KALACHINSK'),
(716, 60, 'KALININSK'),
(717, 29, 'KALTAN'),
(719, 69, 'KALYAZIN'),
(720, 74, 'KAMBARKA'),
(722, 37, 'KAMENNOGORSK'),
(725, 4, 'KAMEN-NA-OBI'),
(726, 12, 'KAMESHKOVO'),
(727, 7, 'KAMYZYAK'),
(729, 63, 'KAMYSHLOV'),
(730, 81, 'KANASH'),
(731, 44, 'KANDALAKSHA'),
(733, 12, 'KARABANOVO'),
(734, 79, 'KARABASH'),
(735, 20, 'KARABULAK'),
(736, 48, 'KARASUK'),
(737, 27, 'KARACHAEVSK'),
(738, 10, 'KARACHEV'),
(739, 48, 'KARGAT'),
(740, 6, 'KARGOPOL'),
(741, 63, 'KARPINSK'),
(742, 79, 'KARTALY'),
(744, 79, 'KASLI'),
(745, 16, 'KASPIISK'),
(746, 79, 'KATAV-IVANOVSK'),
(747, 35, 'KATAISK'),
(748, 63, 'KACHKANAR'),
(749, 69, 'KASHIN'),
(751, 70, 'KEDROVYI'),
(753, 28, 'KEM'),
(754, 53, 'KIZEL'),
(755, 16, 'KIZILYURT'),
(756, 16, 'KIZLYAR'),
(757, 71, 'KIMOVSK'),
(758, 69, 'KIMRY'),
(760, 58, 'KINEL'),
(762, 71, 'KIREEVSK'),
(763, 21, 'KIRENSK'),
(765, 14, 'KIRILLOV'),
(768, 25, 'KIROV (KALUJSKAYA OBLAST)'),
(769, 63, 'KIROVGRAD'),
(772, 44, 'KIROVSK (MURMANSKAYA OBLAST)'),
(773, 30, 'KIRS'),
(774, 67, 'KIRSANOV'),
(780, 46, 'KNYAGININO'),
(781, 44, 'KOVDOR'),
(783, 41, 'KOVYLKINO'),
(784, 78, 'KOGALYM'),
(785, 34, 'KODINSK'),
(786, 25, 'KOZELSK'),
(787, 81, 'KOZLOVKA'),
(788, 40, 'KOZMODEMYANSK'),
(789, 44, 'KOLA'),
(790, 32, 'KOLOGRIV'),
(792, 70, 'KOLPASHEVO'),
(793, 12, 'KOLCHUGINO'),
(795, 19, 'KOMSOMOLSK'),
(797, 69, 'KONAKOVO');
INSERT INTO  geo_regions  (id, district_id, name) VALUES
(799, 25, 'KONDROVO'),
(800, 56, 'KONSTANTINOVSK'),
(802, 57, 'KORABLINO'),
(803, 33, 'KORENOVSK'),
(804, 79, 'KORKINO'),
(806, 9, 'KOROCHA'),
(807, 62, 'KORSAKOV'),
(808, 6, 'KORYAJMA'),
(809, 12, 'KOSTERёVO'),
(810, 28, 'KOSTOMUKSHA'),
(813, 13, 'KOTELNIKOVO'),
(814, 30, 'KOTELNICH'),
(816, 13, 'KOTOVO'),
(817, 67, 'KOTOVSK'),
(818, 19, 'KOHMA'),
(819, 14, 'KRASAVINO'),
(821, 60, 'KRASNOARMEISK (SARATOVSKAYA OBLAST)'),
(822, 53, 'KRASNOVISHERSK'),
(825, 43, 'KRASNOZAVODSK'),
(830, 13, 'KRASNOSLOBODSK (VOLGOGRADSKAYA OBLAST)\r\n'),
(831, 41, 'KRASNOSLOBODSK (MORDOVIYA)'),
(833, 63, 'KRASNOURALSK'),
(834, 63, 'KRASNOUFIMSK'),
(836, 60, 'KRASNYI KUT'),
(837, 56, 'KRASNYI SULIN'),
(838, 69, 'KRASNYI HOLM'),
(839, 25, 'KREMёNKI'),
(841, 33, 'KRYMSK'),
(844, 50, 'KUVANDYK'),
(845, 69, 'KUVSHINOVO'),
(846, 53, 'KUDYMKAR'),
(849, 46, 'KULEBAKI'),
(850, 8, 'KUMERTAU'),
(852, 48, 'KUPINO'),
(854, 33, 'KURGANINSK'),
(855, 62, 'KURILSK'),
(856, 12, 'KURLOVO'),
(857, 43, 'KUROVSKOE'),
(859, 35, 'KURTAMYSH'),
(861, 79, 'KUSA'),
(862, 63, 'KUSHVA'),
(864, 79, 'KYSHTYM'),
(865, 11, 'KYAHTA'),
(866, 33, 'LABINSK'),
(867, 83, 'LABYTNANGI'),
(868, 24, 'LAGAN'),
(869, 23, 'LADUSHKIN'),
(870, 68, 'LAISHEVO'),
(871, 12, 'LAKINSK'),
(872, 78, 'LANGEPAS'),
(873, 28, 'LAHDENPOHYA'),
(874, 38, 'LEBEDYAN'),
(875, 68, 'LENINOGORSK'),
(876, 13, 'LENINSK'),
(878, 61, 'LENSK'),
(879, 66, 'LERMONTOV'),
(880, 63, 'LESNOI'),
(881, 54, 'LESOZAVODSK');
INSERT INTO  geo_regions  (id, district_id, name) VALUES
(882, 34, 'LESOSIBIRSK'),
(886, 71, 'LIPKI'),
(888, 69, 'LIHOSLAVL'),
(893, 30, 'LUZA'),
(894, 46, 'LUKOYANOV'),
(896, 46, 'LYSKOVO'),
(899, 36, 'LGOV'),
(900, 37, 'LYUBAN'),
(902, 84, 'LYUBIM'),
(903, 25, 'LYUDINOVO'),
(904, 78, 'LYANTOR'),
(906, 20, 'MAGAS'),
(909, 22, 'MAISKII'),
(910, 62, 'MAKAROV'),
(911, 32, 'MAKAREV'),
(912, 35, 'MAKUSHINO'),
(913, 47, 'MALAYA VISHERA'),
(914, 20, 'MALGOBEK'),
(915, 30, 'MALMYJ'),
(916, 51, 'MALOARHANGELSK'),
(917, 25, 'MALOYAROSLAVEC'),
(918, 68, 'MAMADYSH'),
(919, 23, 'MAMONOVO'),
(920, 32, 'MANTUROVO'),
(921, 29, 'MARIINSK'),
(922, 81, 'MARIINSKII POSAD'),
(923, 60, 'MARKS'),
(925, 10, 'MGLIN'),
(926, 78, 'MEGION'),
(927, 28, 'MEDVEJEGORSK'),
(928, 50, 'MEDNOGORSK'),
(929, 25, 'MEDYN'),
(930, 8, 'MEJGORE'),
(932, 6, 'MEZEN'),
(933, 12, 'MELENKI'),
(934, 8, 'MELEUZ'),
(935, 68, 'MENDELEEVSK'),
(936, 68, 'MENZELINSK'),
(937, 25, 'MESHCHOVSK'),
(939, 31, 'MIKUN'),
(940, 56, 'MILLEROVO'),
(942, 34, 'MINUSINSK'),
(943, 79, 'MINYAR'),
(946, 57, 'MIHAILOV'),
(947, 13, 'MIHAILOVKA'),
(948, 63, 'MIHAILOVSK (SVERDLOVSKAYA OBLAST)'),
(949, 66, 'MIHAILOVSK (STAVROPOLSKII KRAI)'),
(951, 18, 'MOGOCHA'),
(953, 74, 'MOJGA'),
(955, 44, 'MONCHEGORSK'),
(956, 56, 'MOROZOVSK'),
(957, 67, 'MORSHANSK'),
(958, 25, 'MOSALSK'),
(960, 83, 'MURAVLENKO'),
(961, 30, 'MURASHI'),
(965, 29, 'MYSKI'),
(967, 84, 'MYSHKIN'),
(969, 46, 'NAVASHINO'),
(970, 19, 'NAVOLOKI'),
(971, 83, 'NADYM'),
(972, 34, 'NAZAROVO'),
(974, 49, 'NAZYVAEVSK'),
(976, 7, 'NARIMANOV'),
(978, 22, 'NARTKALA'),
(981, 55, 'NEVEL'),
(982, 62, 'NEVELSK'),
(983, 66, 'NEVINNOMYSSK'),
(984, 63, 'NEVYANSK'),
(985, 69, 'NELIDOVO'),
(986, 23, 'NEMAN'),
(987, 32, 'NEREHTA');
INSERT INTO  geo_regions  (id, district_id, name) VALUES
(988, 18, 'NERCHINSK'),
(990, 23, 'NESTEROV'),
(991, 58, 'NEFTEGORSK'),
(993, 66, 'NEFTEKUMSK'),
(995, 32, 'NEYA'),
(998, 21, 'NIJNEUDINSK'),
(999, 63, 'NIJNIE SERGI'),
(1000, 52, 'NIJNII LOMOV'),
(1003, 63, 'NIJNYAYA SALDA'),
(1004, 63, 'NIJNYAYA TURA'),
(1005, 13, 'NIKOLAEVSK'),
(1006, 76, 'NIKOLAEVSK-NA-AMURE'),
(1007, 14, 'NIKOLSK (VOLOGODSKAYA OBLAST)'),
(1008, 52, 'NIKOLSK (PENZENSKAYA OBLAST)'),
(1010, 37, 'NOVAYA LADOGA'),
(1011, 63, 'NOVAYA LYALYA'),
(1012, 66, 'NOVOALEKSANDROVSK'),
(1014, 13, 'NOVOANNINSKII'),
(1015, 15, 'NOVOVORONEJ'),
(1016, 6, 'NOVODVINSK'),
(1017, 10, 'NOVOZYBKOV'),
(1018, 33, 'NOVOKUBANSK'),
(1021, 57, 'NOVOMICHURINSK'),
(1023, 66, 'NOVOPAVLOVSK'),
(1024, 55, 'NOVORJEV'),
(1027, 51, 'NOVOSIL'),
(1028, 55, 'NOVOSOKOLNIKI'),
(1030, 60, 'NOVOUZENSK'),
(1031, 75, 'NOVOULYANOVSK'),
(1033, 15, 'NOVOHOPёRSK'),
(1040, 30, 'NOLINSK'),
(1043, 68, 'NURLAT'),
(1044, 53, 'NYTVA'),
(1045, 61, 'NYURBA'),
(1046, 78, 'NYAGAN'),
(1047, 79, 'NYAZEPETROVSK'),
(1048, 6, 'NYANDOMA'),
(1049, 17, 'OBLUCHE'),
(1051, 36, 'OBOYAN'),
(1052, 48, 'OB'),
(1054, 43, 'OJERELE'),
(1058, 58, 'OKTYABRSK'),
(1060, 47, 'OKULOVKA'),
(1061, 61, 'OLёKMINSK'),
(1062, 44, 'OLENEGORSK'),
(1063, 28, 'OLONEC'),
(1065, 30, 'OMUTNINSK'),
(1066, 6, 'ONEGA'),
(1067, 55, 'OPOCHKA');
INSERT INTO  geo_regions  (id, district_id, name) VALUES
(1071, 30, 'ORLOV'),
(1073, 53, 'OSA'),
(1074, 29, 'OSINNIKI'),
(1075, 69, 'OSTASHKOV'),
(1076, 55, 'OSTROV'),
(1077, 44, 'OSTROVNOI'),
(1078, 15, 'OSTROGOJSK'),
(1080, 58, 'OTRADNYI'),
(1081, 62, 'OHA'),
(1082, 53, 'OHANSK'),
(1083, 53, 'OCHёR'),
(1087, 13, 'PALLASOVKA'),
(1088, 54, 'PARTIZANSK'),
(1089, 82, 'PEVEK'),
(1091, 46, 'PERVOMAISK'),
(1093, 46, 'PEREVOZ'),
(1094, 43, 'PERESVET'),
(1097, 47, 'PESTOVO'),
(1098, 13, 'PETROV VAL'),
(1099, 60, 'PETROVSK'),
(1100, 18, 'PETROVSK-ZABAIKALSKII'),
(1103, 35, 'PETUHOVO'),
(1104, 12, 'PETUSHKI'),
(1106, 55, 'PECHORY'),
(1108, 23, 'PIONERSKII'),
(1109, 28, 'PITKYARANTA'),
(1110, 19, 'PLёS'),
(1111, 71, 'PLAVSK'),
(1112, 79, 'PLAST'),
(1113, 15, 'POVORINO'),
(1116, 78, 'POKACHI'),
(1117, 12, 'POKROV'),
(1118, 61, 'POKROVSK'),
(1120, 23, 'POLESSK'),
(1121, 29, 'POLYSAEVO'),
(1122, 44, 'POLYARNYE ZORI'),
(1123, 44, 'POLYARNYI'),
(1124, 62, 'PORONAISK'),
(1125, 55, 'PORHOV'),
(1126, 58, 'POHVISTNEVO'),
(1127, 10, 'POCHEP'),
(1128, 65, 'POCHINOK'),
(1129, 84, 'POSHEHONE'),
(1130, 23, 'PRAVDINSK'),
(1131, 19, 'PRIVOLJSK'),
(1132, 23, 'PRIMORSK (KALININGRADSKAYA OBLAST)'),
(1133, 37, 'PRIMORSK (LENINGRADSKAYA OBLAST)'),
(1134, 33, 'PRIMORSKO-AHTARSK'),
(1137, 56, 'PROLETARSK'),
(1141, 60, 'PUGACHёV'),
(1142, 28, 'PUDOJ'),
(1143, 55, 'PUSTOSHKA'),
(1144, 19, 'PUCHEJ'),
(1147, 55, 'PYTALOVO'),
(1148, 78, 'PYT-YAH');
INSERT INTO  geo_regions  (id, district_id, name) VALUES
(1150, 12, 'RADUJNYI (VLADIMIRSKAYA OBLAST)'),
(1151, 78, 'RADUJNYI (HANTY-MANSIISKII AO - YUGRA)'),
(1152, 5, 'RAICHIHINSK'),
(1154, 67, 'RASSKAZOVO'),
(1156, 63, 'REJ'),
(1159, 19, 'RODNIKI'),
(1160, 65, 'ROSLAVL'),
(1162, 84, 'ROSTOV'),
(1165, 60, 'RTISHCHEVO'),
(1167, 65, 'RUDNYA'),
(1168, 43, 'RUZA'),
(1171, 57, 'RYBNOE'),
(1172, 36, 'RYLSK'),
(1173, 57, 'RYAJSK'),
(1176, 29, 'SALAIR'),
(1177, 83, 'SALEHARD'),
(1185, 57, 'SASOVO'),
(1187, 65, 'SAFONOVO'),
(1188, 77, 'SAYANOGORSK'),
(1189, 21, 'SAYANSK'),
(1190, 23, 'SVETLOGORSK'),
(1191, 66, 'SVETLOGRAD'),
(1192, 23, 'SVETLYI'),
(1194, 21, 'SVIRSK'),
(1196, 55, 'SEBEJ'),
(1197, 62, 'SEVERO-KURILSK'),
(1201, 63, 'SEVEROURALSK'),
(1203, 10, 'SEVSK'),
(1204, 28, 'SEGEJA'),
(1205, 10, 'SELCO'),
(1206, 46, 'SEMёNOV'),
(1207, 56, 'SEMIKARAKORSK'),
(1208, 15, 'SEMILUKI'),
(1209, 75, 'SENGILEI'),
(1210, 13, 'SERAFIMOVICH'),
(1211, 46, 'SERGACH'),
(1213, 52, 'SERDOBSK'),
(1217, 8, 'SIBAI'),
(1218, 79, 'SIM'),
(1219, 5, 'SKOVORODINO'),
(1220, 57, 'SKOPIN'),
(1221, 4, 'SLAVGOROD');
INSERT INTO  geo_regions  (id, district_id, name) VALUES
(1222, 23, 'SLAVSK'),
(1223, 33, 'SLAVYANSK-NA-KUBANI'),
(1225, 30, 'SLOBODSKOI'),
(1226, 21, 'SLYUDYANKA'),
(1229, 44, 'SNEJNOGORSK'),
(1230, 12, 'SOBINKA'),
(1232, 30, 'SOVETSK (KIROVSKAYA OBLAST)'),
(1233, 71, 'SOVETSK (TULSKAYA OBLAST)'),
(1234, 76, 'SOVETSKAYA GAVAN'),
(1235, 78, 'SOVETSKII'),
(1237, 32, 'SOLIGALICH'),
(1240, 50, 'SOL-ILECK'),
(1241, 6, 'SOLVYCHEGODSK'),
(1242, 47, 'SOLCY'),
(1243, 50, 'SOROCHINSK'),
(1244, 77, 'SORSK'),
(1245, 28, 'SORTAVALA'),
(1246, 25, 'SOSENSKII'),
(1247, 30, 'SOSNOVKA'),
(1248, 34, 'SOSNOVOBORSK'),
(1250, 31, 'SOSNOGORSK'),
(1252, 25, 'SPAS-DEMENSK'),
(1253, 57, 'SPAS-KLEPIKI'),
(1254, 52, 'SPASSK'),
(1255, 54, 'SPASSK-DALNII'),
(1256, 57, 'SPASSK-RYAZANSKII'),
(1257, 61, 'SREDNEKOLYMSK'),
(1258, 63, 'SREDNEURALSK'),
(1259, 18, 'SRETENSK'),
(1263, 69, 'STARICA'),
(1264, 10, 'STARODUB'),
(1267, 70, 'STREJEVOI'),
(1268, 9, 'STROITEL'),
(1269, 12, 'STRUNINO'),
(1271, 71, 'SUVOROV'),
(1272, 36, 'SUDJA'),
(1273, 12, 'SUDOGDA'),
(1274, 12, 'SUZDAL'),
(1275, 28, 'SUOYARVI'),
(1276, 10, 'SURAJ'),
(1278, 13, 'SUROVIKINO'),
(1279, 52, 'SURSK'),
(1280, 39, 'SUSUMAN'),
(1281, 25, 'SUHINICHI'),
(1282, 63, 'SUHOI LOG'),
(1285, 63, 'SYSERT'),
(1286, 65, 'SYCHёVKA'),
(1288, 63, 'TAVDA'),
(1290, 29, 'TAIGA');
INSERT INTO  geo_regions  (id, district_id, name) VALUES
(1291, 21, 'TAISHET'),
(1292, 43, 'TALDOM'),
(1293, 63, 'TALICA'),
(1295, 49, 'TARA'),
(1296, 83, 'TARKO-SALE'),
(1297, 25, 'TARUSA'),
(1298, 48, 'TATARSK'),
(1299, 29, 'TASHTAGOL'),
(1301, 27, 'TEBERDA'),
(1302, 19, 'TEIKOVO'),
(1303, 41, 'TEMNIKOV'),
(1304, 33, 'TEMRYUK'),
(1305, 22, 'TEREK'),
(1306, 68, 'TETYUSHI'),
(1307, 33, 'TIMASHEVSK'),
(1311, 48, 'TOGUCHIN'),
(1313, 62, 'TOMARI'),
(1314, 61, 'TOMMOT'),
(1316, 29, 'TOPKI'),
(1317, 69, 'TORJOK'),
(1318, 69, 'TOROPEC'),
(1320, 14, 'TOTMA'),
(1321, 79, 'TRёHGORNYI'),
(1323, 10, 'TRUBCHEVSK'),
(1325, 8, 'TUIMAZY'),
(1327, 21, 'TULUN'),
(1328, 72, 'TURAN'),
(1329, 63, 'TURINSK'),
(1330, 84, 'TUTAEV'),
(1331, 5, 'TYNDA'),
(1332, 22, 'TYRNYAUZ'),
(1333, 49, 'TYUKALINSK'),
(1335, 67, 'UVAROVO'),
(1336, 62, 'UGLEGORSK'),
(1337, 84, 'UGLICH'),
(1338, 61, 'UDACHNYI'),
(1339, 69, 'UDOMLYA'),
(1340, 34, 'UJUR');
INSERT INTO  geo_regions  (id, district_id, name) VALUES
(1344, 10, 'UNECHA'),
(1345, 78, 'URAI'),
(1346, 46, 'UREN'),
(1347, 30, 'URJUM'),
(1349, 13, 'URYUPINSK'),
(1350, 31, 'USINSK'),
(1351, 38, 'USMAN'),
(1352, 53, 'USOLE'),
(1353, 21, 'USOLE-SIBIRSKOE'),
(1355, 27, 'UST-DJEGUTA'),
(1357, 79, 'UST-KATAV'),
(1358, 21, 'UST-KUT'),
(1359, 33, 'UST-LABINSK'),
(1360, 14, 'USTYUJNA'),
(1363, 8, 'UCHALY'),
(1364, 34, 'UYAR'),
(1365, 36, 'FATEJ'),
(1366, 10, 'FOKINO (BRYANSKAYA OBLAST)'),
(1367, 54, 'FOKINO (PRIMORSKII KRAI)\n'),
(1368, 13, 'FROLOVO'),
(1370, 19, 'FURMANOV'),
(1372, 33, 'HADYJENSK'),
(1374, 7, 'HARABALI'),
(1375, 14, 'HAROVSK'),
(1377, 60, 'HVALYNSK'),
(1378, 18, 'HILOK'),
(1380, 47, 'HOLM'),
(1381, 62, 'HOLMSK'),
(1382, 43, 'HOTKOVO'),
(1383, 81, 'CIVILSK'),
(1384, 56, 'CIMLYANSK'),
(1385, 53, 'CHёRMOZ'),
(1386, 72, 'CHADAN'),
(1389, 38, 'CHAPLYGIN'),
(1390, 79, 'CHEBARKUL'),
(1392, 22, 'CHEGEM'),
(1393, 71, 'CHEKALIN'),
(1395, 53, 'CHERDYN'),
(1396, 21, 'CHEREMHOVO'),
(1397, 48, 'CHEREPANOVO'),
(1402, 53, 'CHERNUSHKA'),
(1403, 23, 'CHERNYAHOVSK'),
(1405, 68, 'CHISTOPOL'),
(1407, 46, 'CHKALOVSK'),
(1408, 47, 'CHUDOVO'),
(1409, 48, 'CHULYM'),
(1410, 53, 'CHUSOVOI'),
(1411, 32, 'CHUHLOMA'),
(1412, 72, 'SHAGONAR'),
(1414, 80, 'SHALI'),
(1415, 34, 'SHARYPOVO'),
(1416, 32, 'SHARYA'),
(1418, 62, 'SHAHTёRSK'),
(1420, 46, 'SHAHUNYA'),
(1421, 57, 'SHACK'),
(1423, 21, 'SHELEHOV'),
(1424, 6, 'SHENKURSK');
INSERT INTO  geo_regions  (id, district_id, name) VALUES
(1425, 18, 'SHILKA'),
(1426, 5, 'SHIMANOVSK'),
(1427, 60, 'SHIHANY'),
(1429, 81, 'SHUMERLYA'),
(1430, 35, 'SHUMIHA'),
(1432, 71, 'SHCHёKINO'),
(1434, 36, 'SHCHIGRY'),
(1435, 35, 'SHCHUCHE'),
(1441, 15, 'EARTIL'),
(1443, 78, 'YUGORSK'),
(1444, 19, 'YUJA'),
(1446, 16, 'YUJNO-SUHOKUMSK'),
(1447, 79, 'YUJNOURALSK'),
(1449, 12, 'YUREV-POLSKII'),
(1450, 19, 'YUREVEC'),
(1451, 79, 'YURYUZAN'),
(1452, 25, 'YUHNOV'),
(1453, 81, 'YADRIN'),
(1455, 73, 'YALUTOROVSK'),
(1456, 8, 'YANAUL'),
(1457, 30, 'YARANSK'),
(1458, 4, 'YAROVOE'),
(1460, 65, 'YARCEVO'),
(1461, 71, 'YASNOGORSK'),
(1462, 50, 'YASNYI'),
(1463, 43, 'YAHROMA'),
(1467, 86, 'ALUPKA'),
(1468, 86, 'ALUSHTA'),
(1469, 86, 'ARMYANSK\r\n'),
(1470, 86, 'BAHCHISARAI'),
(1471, 86, 'BELOGORSK (KRYM)'),
(1472, 86, 'DJANKOI'),
(1473, 86, 'EVPATORIYA'),
(1474, 87, 'INKERMAN'),
(1475, 68, 'INNOPOLIS'),
(1476, 86, 'KERCH'),
(1477, 23, 'KRASNOZNAMENSK (KALININGRADSKAYA OBLAST)'),
(1478, 86, 'KRASNOPEREKOPSK'),
(1479, 6, 'MIRNYI (ARHANGELSKAYA OBLAST)'),
(1480, 23, 'OZERSK (KALININGRADSKAYA OBLAST)'),
(1481, 86, 'SAKI'),
(1482, 87, 'SEVASTOPOL'),
(1483, 86, 'SIMFEROPOL'),
(1484, 86, 'STARYI KRYM'),
(1485, 86, 'SUDAK'),
(1486, 5, 'CIOLKOVSKII'),
(1487, 86, 'FEODOSIYA'),
(1488, 86, 'SHCHELKINO'),
(1489, 86, 'YALTA');